MARPP Real personal income and regional price parities by MSA 1
MARPP Real personal income and regional price parities by MSA 1
Metropolitan Statistical Area
GeoFIPS,GeoName,2008,2009,2010,2011,2012,2013,2014,2015,2016,2017,2018,2019,2020,2021,2022,2023
00000,United States,100.000,100.000,100.000,100.000,100.000,100.000,100.000,100.000,100.000,100.000,100.000,100.000,100.000,100.000,100.000,100.000
00999,United States (Nonmetropolitan Portion),86.540,86.898,88.713,88.536,88.719,88.967,88.869,88.661,87.890,87.616,89.245,89.363,88.309,88.830,88.532,88.222
10180,"Abilene, TX (Metropolitan Statistical Area)",92.141,89.362,92.924,92.455,94.061,92.484,94.554,92.854,93.274,93.778,92.299,92.414,90.300,91.698,91.498,89.849
10420,"Akron, OH (Metropolitan Statistical Area)",92.516,95.218,93.260,94.064,95.495,95.242,94.981,95.596,95.343,95.359,94.251,94.697,93.516,93.513,92.128,92.827
10500,"Albany, GA (Metropolitan Statistical Area)",86.450,85.598,87.231,87.701,87.383,88.070,88.432,88.002,89.286,87.291,86.489,84.164,83.820,89.335,86.109,86.405
10540,"Albany-Lebanon, OR (Metropolitan Statistical Area)",99.418,100.044,96.995,96.246,96.604,96.850,98.775,98.770,98.926,98.937,103.270,102.987,102.699,101.924,104.629,104.609
10580,"Albany-Schenectady-Troy, NY (Metropolitan Statistical Area)",102.702,102.243,99.947,100.752,99.537,101.729,99.398,100.813,101.234,100.700,99.785,99.409,98.968,98.923,96.510,97.583
10740,"Albuquerque, NM (Metropolitan Statistical Area)",96.951,99.030,97.411,100.439,99.593,98.316,98.456,96.757,96.592,98.087,93.886,95.085,94.170,92.207,93.359,92.958
10780,"Alexandria, LA (Metropolitan Statistical Area)",89.656,86.149,89.013,86.975,90.287,91.513,90.759,90.269,92.124,90.539,87.470,89.098,87.274,89.334,86.001,86.218
10900,"Allentown-Bethlehem-Easton, PA-NJ (Metropolitan Statistical Area)",101.139,102.531,101.219,99.933,99.972,100.841,99.599,101.021,101.174,101.735,99.159,99.120,99.675,98.029,97.987,98.441
11020,"Altoona, PA (Metropolitan Statistical Area)",93.979,91.858,93.855,93.538,92.315,92.814,89.389,92.580,91.550,91.208,91.313,90.689,89.698,89.177,88.962,88.250
11100,"Amarillo, TX (Metropolitan Statistical Area)",95.758,93.480,94.908,96.365,96.146,96.434,96.303,96.972,97.180,96.153,93.249,94.144,94.486,93.505,91.511,90.812
11180,"Ames, IA (Metropolitan Statistical Area)",82.432,90.016,92.962,91.743,92.370,94.601,93.047,90.133,88.865,89.858,93.941,95.933,93.104,91.480,88.390,91.418
11260,"Anchorage, AK (Metropolitan Statistical Area)",106.497,111.877,106.339,106.800,107.244,106.488,104.878,105.709,108.069,107.790,106.421,104.796,103.209,106.648,103.071,104.547
11460,"Ann Arbor, MI (Metropolitan Statistical Area)",103.617,101.281,101.112,100.370,100.911,100.181,102.545,100.189,98.313,98.476,99.227,100.666,98.551,99.479,97.895,97.968
11500,"Anniston-Oxford, AL (Metropolitan Statistical Area)",88.183,83.439,88.756,90.883,90.739,90.376,89.684,91.107,90.796,88.603,85.153,87.594,85.738,83.736,84.149,87.218
11540,"Appleton, WI (Metropolitan Statistical Area)",97.180,94.687,95.241,94.253,94.644,95.330,94.454,93.448,92.975,92.079,93.497,93.720,92.295,93.416,91.883,93.597
11700,"Asheville, NC (Metropolitan Statistical Area)",93.254,91.313,92.787,93.416,94.194,94.121,94.439,93.052,95.330,93.836,93.043,94.083,93.197,94.674,94.604,96.129
12020,"Athens-Clarke County, GA (Metropolitan Statistical Area)",94.180,94.312,94.643,94.358,93.307,93.404,93.443,92.845,93.722,93.834,90.561,90.639,90.216,94.428,93.416,93.278
12060,"Atlanta-Sandy Springs-Alpharetta, GA (Metropolitan Statistical Area)",98.050,95.036,98.159,96.474,99.106,98.215,98.449,97.997,98.375,99.406,98.205,98.117,98.759,99.098,98.695,100.933
12100,"Atlantic City-Hammonton, NJ (Metropolitan Statistical Area)",109.833,106.972,106.868,105.629,105.424,102.238,101.473,103.255,102.384,97.846,99.748,97.033,100.638,96.914,98.510,97.170
12220,"Auburn-Opelika, AL (Metropolitan Statistical Area)",90.259,88.370,89.257,92.103,91.046,91.028,91.290,88.686,90.198,89.605,88.933,90.668,89.329,89.625,88.838,88.857
12260,"Augusta-Richmond County, GA-SC (Metropolitan Statistical Area)",91.031,90.536,92.179,93.622,93.428,93.209,92.464,93.202,93.588,92.418,91.449,90.261,89.676,91.915,91.740,91.030
12420,"Austin-Round Rock-Georgetown, TX (Metropolitan Statistical Area)",99.535,98.820,99.643,100.264,100.914,100.728,101.331,101.521,102.530,101.755,99.056,99.354,101.120,99.993,98.779,97.620
12540,"Bakersfield, CA (Metropolitan Statistical Area)",96.860,100.256,98.203,100.410,101.069,99.651,99.592,97.653,96.487,98.433,101.824,101.133,100.329,100.876,104.429,102.247
12580,"Baltimore-Columbia-Towson, MD (Metropolitan Statistical Area)",106.479,109.632,106.282,108.833,106.496,106.751,105.727,105.967,106.109,107.598,105.228,103.912,105.337,104.935,102.463,102.672
12620,"Bangor, ME (Metropolitan Statistical Area)",94.057,92.313,96.698,93.968,96.401,99.617,92.178,92.895,93.464,94.693,93.979,96.632,97.535,96.754,96.554,91.466
12700,"Barnstable Town, MA (Metropolitan Statistical Area)",102.987,102.986,105.416,99.507,101.008,100.116,104.688,105.896,105.926,105.852,101.140,105.259,101.252,101.325,108.741,105.815
12940,"Baton Rouge, LA (Metropolitan Statistical Area)",93.116,91.746,93.302,94.593,94.178,94.841,94.706,94.625,95.602,93.957,92.812,92.821,93.129,93.171,92.380,90.802
12980,"Battle Creek, MI (Metropolitan Statistical Area)",94.660,94.526,92.348,92.673,94.241,93.407,94.149,91.815,91.940,91.009,91.981,91.841,90.706,90.415,89.484,88.228
13020,"Bay City, MI (Metropolitan Statistical Area)",94.169,93.934,92.528,92.722,93.199,93.396,92.940,91.070,92.094,89.357,92.709,92.444,88.748,91.466,88.212,90.565
13140,"Beaumont-Port Arthur, TX (Metropolitan Statistical Area)",93.352,91.438,92.600,94.691,93.317,94.398,94.485,92.680,94.732,92.365,91.643,92.350,90.150,93.004,91.050,90.238
13220,"Beckley, WV (Metropolitan Statistical Area)",83.426,78.228,84.848,84.022,83.559,87.226,87.481,87.508,83.244,84.784,86.199,86.306,83.444,89.356,88.173,89.644
13380,"Bellingham, WA (Metropolitan Statistical Area)",96.103,102.251,99.680,103.229,101.997,100.303,100.968,101.121,98.568,100.753,104.372,104.077,103.530,104.572,105.896,104.139
13460,"Bend, OR (Metropolitan Statistical Area)",100.501,99.416,96.993,96.441,96.623,97.073,99.270,102.189,100.621,102.690,103.604,103.852,104.184,102.858,108.002,105.810
13740,"Billings, MT (Metropolitan Statistical Area)",94.937,95.762,94.969,96.806,97.973,96.305,97.103,96.818,94.805,97.136,94.158,95.703,92.220,92.373,91.651,89.613
13780,"Binghamton, NY (Metropolitan Statistical Area)",97.272,97.323,98.079,97.661,95.001,95.995,94.979,96.078,96.215,97.889,96.014,93.847,96.904,94.276,92.087,91.630
13820,"Birmingham-Hoover, AL (Metropolitan Statistical Area)",93.064,91.990,93.632,94.856,94.184,94.579,93.747,93.603,94.478,93.398,90.432,91.271,91.821,90.810,91.328,92.569
13900,"Bismarck, ND (Metropolitan Statistical Area)",90.138,92.149,88.839,89.755,95.299,95.992,96.860,93.756,96.080,91.091,91.458,94.194,92.622,94.122,91.078,89.648
13980,"Blacksburg-Christiansburg, VA (Metropolitan Statistical Area)",87.827,87.286,90.017,90.431,88.475,91.916,91.773,91.492,88.445,88.997,91.606,90.932,91.004,92.072,93.006,90.657
14010,"Bloomington, IL (Metropolitan Statistical Area)",96.964,95.903,97.452,95.554,96.416,95.298,95.673,94.732,93.921,92.888,94.328,95.082,92.697,92.854,92.547,92.002
14020,"Bloomington, IN (Metropolitan Statistical Area)",94.325,96.581,94.968,95.490,94.230,94.150,94.976,94.331,95.539,93.649,93.733,94.560,93.391,93.936,93.032,93.372
14100,"Bloomsburg-Berwick, PA (Metropolitan Statistical Area)",94.625,93.719,93.658,92.558,92.328,93.819,92.315,93.836,94.636,93.983,93.231,91.520,91.446,89.419,89.093,90.340
14260,"Boise City, ID (Metropolitan Statistical Area)",95.231,97.713,95.523,96.969,96.668,96.360,95.903,94.871,93.139,95.833,93.559,95.713,93.647,93.821,94.205,93.427
14460,"Boston-Cambridge-Newton, MA-NH (Metropolitan Statistical Area)",107.889,106.612,106.142,106.611,105.888,104.272,105.737,106.106,110.141,108.945,110.075,109.908,112.545,109.888,112.228,111.574
14500,"Boulder, CO (Metropolitan Statistical Area)",108.489,105.529,104.497,107.148,107.501,105.850,106.347,106.894,105.615,105.316,101.620,105.471,101.704,100.991,99.920,99.851
14540,"Bowling Green, KY (Metropolitan Statistical Area)",86.581,84.675,88.354,87.738,88.585,89.908,89.275,88.890,87.322,87.938,87.894,88.852,89.443,88.614,89.321,90.517
14740,"Bremerton-Silverdale-Port Orchard, WA (Metropolitan Statistical Area)",107.005,105.795,103.296,103.898,103.550,103.085,104.694,104.907,107.105,107.858,107.344,105.614,105.373,103.596,108.813,107.541
14860,"Bridgeport-Stamford-Norwalk, CT (Metropolitan Statistical Area)",117.165,117.872,113.449,114.270,114.005,115.070,115.372,113.789,113.977,111.822,107.447,106.260,108.729,106.207,109.678,106.486
15180,"Brownsville-Harlingen, TX (Metropolitan Statistical Area)",85.002,86.146,86.968,89.543,89.209,87.562,87.873,88.342,89.519,87.984,85.158,87.674,85.018,87.858,85.083,85.183
15260,"Brunswick, GA (Metropolitan Statistical Area)",88.161,86.276,89.628,88.687,89.859,89.729,90.913,89.523,89.202,89.353,91.748,86.719,88.967,90.109,91.416,89.710
15380,"Buffalo-Cheektowaga, NY (Metropolitan Statistical Area)",97.276,98.030,96.440,96.300,96.247,97.372,94.963,97.926,97.628,97.348,95.549,94.546,94.151,94.800,93.926,94.393
15500,"Burlington, NC (Metropolitan Statistical Area)",92.470,91.837,92.423,93.433,93.292,93.814,92.678,93.156,92.151,92.184,91.436,90.435,89.723,89.428,92.005,92.748
15540,"Burlington-South Burlington, VT (Metropolitan Statistical Area)",103.270,104.979,102.247,102.072,102.772,103.394,99.615,103.011,102.256,103.752,102.167,104.545,105.055,102.518,106.214,100.040
15680,"California-Lexington Park, MD (Metropolitan Statistical Area)",97.964,95.207,98.315,99.756,99.038,99.957,99.743,100.121,99.472,94.755,98.133,96.274,98.193,96.488,99.817,100.247
15940,"Canton-Massillon, OH (Metropolitan Statistical Area)",93.421,92.148,92.669,91.281,92.235,92.035,91.996,91.150,90.419,90.252,90.836,91.068,88.869,89.718,88.739,88.539
15980,"Cape Coral-Fort Myers, FL (Metropolitan Statistical Area)",99.901,96.992,97.316,97.666,97.848,97.889,98.546,99.105,101.011,99.439,99.253,97.823,98.106,99.956,101.810,102.565
16020,"Cape Girardeau, MO-IL (Metropolitan Statistical Area)",81.284,83.022,87.864,86.974,88.567,89.525,88.207,86.372,86.220,85.249,87.823,90.054,88.852,88.502,86.172,86.324
16060,"Carbondale-Marion, IL (Metropolitan Statistical Area)",81.082,84.878,85.977,88.513,88.097,86.758,87.103,86.830,85.906,82.744,87.827,88.699,87.572,86.432,86.805,87.243
16180,"Carson City, NV (Metropolitan Statistical Area)",99.866,95.466,97.469,97.432,95.155,96.399,97.452,99.187,96.078,97.804,94.775,98.555,94.872,94.074,94.441,94.056
16220,"Casper, WY (Metropolitan Statistical Area)",92.325,97.100,95.467,97.908,99.235,99.330,98.118,95.221,97.593,98.164,95.311,93.304,93.327,91.430,92.059,91.833
16300,"Cedar Rapids, IA (Metropolitan Statistical Area)",92.971,93.462,93.599,92.795,93.796,89.722,92.585,92.456,91.258,91.660,92.392,92.081,91.224,91.974,89.968,89.959
16540,"Chambersburg-Waynesboro, PA (Metropolitan Statistical Area)",98.133,97.872,96.511,96.324,95.497,97.349,95.056,96.307,96.214,98.065,96.151,94.532,94.244,94.890,93.826,93.925
16580,"Champaign-Urbana, IL (Metropolitan Statistical Area)",97.391,96.738,95.628,94.814,94.617,95.017,94.874,94.000,94.422,92.790,93.369,94.369,92.147,93.320,91.478,90.826
16620,"Charleston, WV (Metropolitan Statistical Area)",89.797,88.715,90.723,92.808,92.251,90.911,91.404,91.187,91.455,89.586,90.270,89.050,86.843,91.009,88.461,88.389
16700,"Charleston-North Charleston, SC (Metropolitan Statistical Area)",97.414,97.317,97.690,99.410,100.314,99.597,99.794,100.023,99.689,99.237,98.329,98.190,98.022,99.186,99.091,100.639
16740,"Charlotte-Concord-Gastonia, NC-SC (Metropolitan Statistical Area)",95.269,94.021,95.583,95.673,96.121,95.885,96.307,96.176,96.901,96.217,95.549,94.489,94.169,96.630,96.771,96.979
16820,"Charlottesville, VA (Metropolitan Statistical Area)",99.668,98.601,100.510,100.581,98.823,100.726,99.831,100.035,100.283,99.900,98.198,95.773,98.314,100.516,97.540,98.593
16860,"Chattanooga, TN-GA (Metropolitan Statistical Area)",92.182,91.581,93.724,93.609,94.391,93.360,93.441,93.555,93.739,94.115,89.369,91.256,90.053,89.999,92.530,92.794
16940,"Cheyenne, WY (Metropolitan Statistical Area)",95.572,99.454,96.763,100.212,99.232,97.981,99.830,96.366,97.881,98.654,93.634,96.450,91.765,92.941,94.181,90.930
16980,"Chicago-Naperville-Elgin, IL-IN-WI (Metropolitan Statistical Area)",105.269,106.324,105.876,106.803,105.056,104.230,103.149,102.551,103.746,105.167,104.087,102.658,104.429,105.418,105.691,102.557
17020,"Chico, CA (Metropolitan Statistical Area)",99.390,102.238,100.702,102.078,103.492,100.442,99.763,98.370,97.024,100.767,104.310,102.228,101.793,102.467,104.192,104.616
17140,"Cincinnati, OH-KY-IN (Metropolitan Statistical Area)",97.040,96.461,94.736,93.215,93.413,93.773,92.875,91.768,93.561,93.822,94.282,94.916,93.885,94.185,93.579,94.102
17300,"Clarksville, TN-KY (Metropolitan Statistical Area)",90.473,90.004,91.334,93.779,92.949,92.770,92.304,92.426,93.557,92.127,88.599,89.446,88.763,90.395,91.066,92.148
17420,"Cleveland, TN (Metropolitan Statistical Area)",87.877,86.581,87.232,86.703,89.251,90.134,89.236,88.057,88.550,85.188,88.210,86.712,86.634,87.743,89.215,90.876
17460,"Cleveland-Elyria, OH (Metropolitan Statistical Area)",92.837,96.364,94.372,94.971,95.191,96.518,96.308,95.678,95.748,95.489,94.661,94.370,93.489,94.000,93.141,93.045
17660,"Coeur d'Alene, ID (Metropolitan Statistical Area)",98.187,95.104,93.200,94.324,94.888,96.462,96.179,96.681,97.510,97.623,93.981,90.608,93.037,93.743,93.703,96.883
17780,"College Station-Bryan, TX (Metropolitan Statistical Area)",95.073,94.244,95.734,95.506,96.408,95.170,95.433,95.920,96.413,94.661,94.662,94.470,95.137,94.902,92.400,90.701
17820,"Colorado Springs, CO (Metropolitan Statistical Area)",97.984,101.534,99.114,102.457,102.204,101.260,101.031,99.706,98.933,101.947,97.862,100.346,98.581,96.565,96.821,97.410
17860,"Columbia, MO (Metropolitan Statistical Area)",93.573,93.533,93.094,91.992,93.479,92.570,92.941,91.559,91.257,91.091,91.637,92.416,91.112,89.500,87.821,89.280
17900,"Columbia, SC (Metropolitan Statistical Area)",93.519,92.279,94.057,95.217,94.353,94.683,94.104,94.620,94.567,93.627,92.354,91.025,89.843,93.262,93.408,92.925
17980,"Columbus, GA-AL (Metropolitan Statistical Area)",88.418,87.301,90.735,91.461,90.089,90.427,91.043,91.184,90.438,89.647,88.325,87.845,86.310,88.928,89.381,88.796
18020,"Columbus, IN (Metropolitan Statistical Area)",83.992,86.113,90.555,89.044,90.489,88.820,90.438,87.689,87.984,87.425,93.954,93.818,91.418,91.812,90.285,90.312
18140,"Columbus, OH (Metropolitan Statistical Area)",96.601,96.033,95.990,94.145,95.429,95.486,95.331,94.580,94.644,93.646,95.217,95.623,94.414,94.843,94.101,94.516
18580,"Corpus Christi, TX (Metropolitan Statistical Area)",96.175,92.765,95.768,95.083,95.519,97.188,96.569,96.156,97.397,96.785,93.939,94.994,94.969,94.593,93.433,91.306
18700,"Corvallis, OR (Metropolitan Statistical Area)",99.418,100.044,96.995,96.246,96.604,96.850,98.775,98.770,98.926,98.937,103.270,102.987,102.699,101.924,106.062,106.358
18880,"Crestview-Fort Walton Beach-Destin, FL (Metropolitan Statistical Area)",95.766,94.244,95.967,97.033,97.925,96.715,97.316,97.217,96.758,95.561,96.196,95.848,94.893,96.846,97.920,97.990
19060,"Cumberland, MD-WV (Metropolitan Statistical Area)",90.769,90.067,90.238,91.241,92.872,90.598,93.361,91.356,91.778,89.857,88.836,88.861,88.177,91.193,86.782,85.820
19100,"Dallas-Fort Worth-Arlington, TX (Metropolitan Statistical Area)",101.174,101.498,101.345,100.225,100.749,100.960,100.156,99.024,97.939,99.471,101.049,103.413,104.544,104.000,103.577,103.293
19140,"Dalton, GA (Metropolitan Statistical Area)",89.204,85.122,89.231,87.400,88.459,87.823,88.972,88.632,87.582,85.439,88.793,87.633,84.484,90.742,90.363,90.276
19180,"Danville, IL (Metropolitan Statistical Area)",81.003,83.477,87.718,86.706,87.562,86.375,87.252,85.988,84.287,83.981,87.794,86.927,86.559,88.020,87.888,86.824
19300,"Daphne-Fairhope-Foley, AL (Metropolitan Statistical Area)",95.217,94.531,96.617,93.374,95.844,94.158,94.076,93.475,94.811,95.652,91.470,94.622,90.744,92.054,91.246,94.726
19340,"Davenport-Moline-Rock Island, IA-IL (Metropolitan Statistical Area)",94.880,93.277,94.148,91.983,93.252,93.207,92.501,91.498,90.807,91.097,91.978,91.990,91.615,91.343,88.753,89.274
19430,"Dayton-Kettering, OH (Metropolitan Statistical Area)",96.081,94.673,94.285,93.183,93.144,93.637,93.538,92.666,92.784,91.849,92.769,92.479,91.826,92.305,91.460,92.289
19460,"Decatur, AL (Metropolitan Statistical Area)",89.767,85.157,88.758,90.511,88.207,90.708,87.262,90.209,89.194,88.956,87.249,84.353,87.140,86.166,87.418,90.096
19500,"Decatur, IL (Metropolitan Statistical Area)",91.086,91.840,89.483,91.628,93.058,89.685,90.340,88.949,89.035,85.950,89.790,89.536,88.290,89.485,87.344,86.604
19660,"Deltona-Daytona Beach-Ormond Beach, FL (Metropolitan Statistical Area)",98.581,96.604,96.081,97.941,97.516,97.087,97.603,98.150,98.229,98.232,97.083,95.758,96.683,97.803,98.801,98.742
19740,"Denver-Aurora-Lakewood, CO (Metropolitan Statistical Area)",105.770,103.297,101.905,104.962,105.127,104.930,104.839,105.052,105.177,104.338,102.427,104.394,109.342,109.056,107.345,105.490
19780,"Des Moines-West Des Moines, IA (Metropolitan Statistical Area)",95.222,97.238,95.361,94.497,95.533,95.802,96.020,94.668,94.721,93.901,95.568,95.618,93.805,93.402,92.061,92.659
19820,"Detroit-Warren-Dearborn, MI (Metropolitan Statistical Area)",100.574,100.162,99.390,98.542,97.903,98.397,98.675,96.821,96.203,95.760,97.192,98.438,98.328,96.362,96.295,98.007
20020,"Dothan, AL (Metropolitan Statistical Area)",86.724,85.597,87.650,88.026,88.537,89.036,88.082,87.256,88.251,86.353,84.957,85.790,86.540,86.070,85.255,88.318
20100,"Dover, DE (Metropolitan Statistical Area)",96.709,98.015,98.417,98.236,97.299,97.705,98.558,97.404,100.268,96.740,94.904,95.210,93.875,95.856,95.071,91.652
20220,"Dubuque, IA (Metropolitan Statistical Area)",93.518,92.737,91.833,91.431,91.858,92.516,92.831,91.393,91.304,91.492,90.507,89.942,89.763,88.139,86.374,89.056
20260,"Duluth, MN-WI (Metropolitan Statistical Area)",88.822,92.540,88.909,90.620,90.373,88.019,89.021,89.951,88.098,85.995,90.472,89.914,82.950,88.818,88.444,86.980
20500,"Durham-Chapel Hill, NC (Metropolitan Statistical Area)",96.285,95.292,96.416,96.913,96.109,96.695,96.962,96.915,96.505,96.243,95.368,94.336,94.285,95.995,96.482,96.638
20700,"East Stroudsburg, PA (Metropolitan Statistical Area)",101.872,100.385,100.611,98.620,96.655,100.600,100.255,97.942,97.023,101.531,98.241,100.368,98.395,97.593,94.231,95.656
20740,"Eau Claire, WI (Metropolitan Statistical Area)",96.695,94.440,94.482,94.397,94.799,93.624,94.071,92.387,91.663,91.135,93.091,92.778,92.210,91.915,91.145,91.405
20940,"El Centro, CA (Metropolitan Statistical Area)",95.315,96.278,95.235,94.843,94.036,94.332,91.846,94.540,95.746,95.951,92.849,96.359,96.904,95.567,100.021,100.080
21060,"Elizabethtown-Fort Knox, KY (Metropolitan Statistical Area)",90.032,88.156,90.552,91.987,88.762,89.709,90.415,89.183,88.866,87.294,87.262,88.966,88.005,87.611,88.903,89.386
21140,"Elkhart-Goshen, IN (Metropolitan Statistical Area)",96.669,94.154,92.935,93.624,92.651,91.341,92.227,92.185,90.190,90.999,92.389,91.445,91.021,87.699,91.626,92.573
21300,"Elmira, NY (Metropolitan Statistical Area)",95.918,96.984,96.496,97.856,94.506,98.977,97.787,97.764,95.445,97.839,96.098,95.644,95.303,94.594,92.809,92.201
21340,"El Paso, TX (Metropolitan Statistical Area)",92.447,92.636,94.519,95.742,95.563,94.735,94.084,93.974,95.156,94.713,91.457,91.638,92.731,92.831,90.927,90.241
21420,"Enid, OK (Metropolitan Statistical Area) *",(NA),(NA),(NA),(NA),(NA),89.942,89.602,90.619,92.068,91.705,87.962,86.074,86.775,86.927,85.548,86.142
21500,"Erie, PA (Metropolitan Statistical Area)",96.549,93.553,94.712,93.954,95.330,96.301,93.881,94.718,95.522,96.658,94.561,93.887,92.816,91.846,90.629,91.516
21660,"Eugene-Springfield, OR (Metropolitan Statistical Area)",96.329,100.008,97.847,100.911,100.473,99.089,98.636,97.662,97.907,99.565,102.179,101.523,100.554,100.771,104.647,103.481
21780,"Evansville, IN-KY (Metropolitan Statistical Area)",93.396,93.992,92.492,92.243,92.436,91.289,91.188,90.269,90.457,90.417,89.687,91.261,89.529,90.151,88.917,89.763
21820,"Fairbanks, AK (Metropolitan Statistical Area)",104.749,102.767,102.204,102.687,97.953,97.716,101.285,100.597,100.421,103.926,104.558,103.085,99.390,104.487,98.655,99.362
22020,"Fargo, ND-MN (Metropolitan Statistical Area)",97.383,94.972,95.383,94.444,96.006,95.355,92.659,94.583,95.528,93.829,93.092,95.008,92.452,92.554,87.961,89.410
22140,"Farmington, NM (Metropolitan Statistical Area)",95.050,91.145,91.040,90.617,94.842,90.097,94.831,95.367,95.056,97.091,92.111,92.079,89.082,89.320,88.307,86.520
22180,"Fayetteville, NC (Metropolitan Statistical Area)",91.187,89.741,91.821,92.828,92.720,92.740,92.835,91.959,91.110,90.342,90.805,89.125,88.796,91.615,91.083,91.385
22220,"Fayetteville-Springdale-Rogers, AR (Metropolitan Statistical Area)",92.564,91.644,92.435,93.760,94.269,93.808,93.358,93.462,94.300,93.414,90.764,91.680,92.710,92.967,90.826,90.957
22380,"Flagstaff, AZ (Metropolitan Statistical Area)",99.787,100.213,98.357,95.234,99.225,100.535,98.567,102.260,97.680,100.956,97.286,99.380,97.051,95.594,95.489,91.270
22420,"Flint, MI (Metropolitan Statistical Area)",96.009,94.970,94.711,93.190,93.058,93.395,93.152,91.718,90.687,89.504,91.703,92.129,89.840,88.966,90.903,89.833
22500,"Florence, SC (Metropolitan Statistical Area)",84.446,85.198,87.264,88.594,89.598,88.727,88.404,89.853,89.430,88.703,88.140,87.650,86.408,90.524,87.808,87.997
22520,"Florence-Muscle Shoals, AL (Metropolitan Statistical Area)",83.241,84.190,87.855,85.944,88.605,85.292,87.034,86.317,85.863,86.704,84.016,81.907,82.802,85.425,84.456,85.618
22540,"Fond du Lac, WI (Metropolitan Statistical Area)",83.443,85.948,88.805,87.701,91.041,91.241,90.108,89.659,88.278,87.186,92.253,92.954,91.215,92.182,89.427,92.837
22660,"Fort Collins, CO (Metropolitan Statistical Area)",97.191,103.060,101.262,103.278,104.728,103.207,103.147,101.659,101.343,104.324,100.851,102.222,98.510,97.693,98.198,96.618
22900,"Fort Smith, AR-OK (Metropolitan Statistical Area)",90.156,87.943,89.524,89.458,89.365,89.572,90.744,88.523,88.799,88.697,85.969,87.743,86.919,87.472,85.845,85.062
23060,"Fort Wayne, IN (Metropolitan Statistical Area)",93.809,92.330,92.797,92.190,92.384,92.998,92.089,91.332,92.237,90.695,91.752,92.286,90.043,91.956,92.752,89.980
23420,"Fresno, CA (Metropolitan Statistical Area)",97.074,101.001,98.912,101.199,100.588,99.347,98.892,97.638,96.655,98.209,102.642,102.548,101.262,101.499,105.140,103.988
23460,"Gadsden, AL (Metropolitan Statistical Area)",86.491,88.321,87.576,88.789,87.612,88.517,89.310,88.211,88.736,87.284,86.008,86.203,85.190,84.442,82.249,87.020
23540,"Gainesville, FL (Metropolitan Statistical Area)",97.119,97.278,96.463,96.972,95.807,96.033,96.858,96.103,95.926,96.138,96.010,93.932,92.730,95.852,96.272,96.895
23580,"Gainesville, GA (Metropolitan Statistical Area)",92.376,89.246,92.918,93.065,92.654,92.777,92.960,92.163,91.311,92.027,94.450,92.338,94.597,94.044,96.832,96.097
23900,"Gettysburg, PA (Metropolitan Statistical Area)",98.466,97.863,98.186,96.545,95.056,97.530,96.050,97.654,99.445,98.067,96.645,96.503,96.516,95.332,95.401,92.724
24020,"Glens Falls, NY (Metropolitan Statistical Area)",98.699,100.533,98.916,97.446,97.416,100.068,94.194,98.143,97.090,97.846,95.482,95.537,94.957,95.379,92.521,93.551
24140,"Goldsboro, NC (Metropolitan Statistical Area)",90.529,90.131,91.110,91.803,89.934,92.770,91.109,91.782,94.106,91.243,90.516,89.554,85.431,90.012,89.285,89.731
24220,"Grand Forks, ND-MN (Metropolitan Statistical Area)",95.713,92.391,93.420,92.249,89.731,93.840,92.170,93.426,92.260,91.024,91.712,94.120,91.238,89.949,86.813,86.195
24260,"Grand Island, NE (Metropolitan Statistical Area)",81.779,82.255,88.132,89.275,85.011,87.053,83.408,87.391,87.807,83.335,88.156,89.989,90.539,89.131,86.723,87.262
24300,"Grand Junction, CO (Metropolitan Statistical Area)",103.801,98.932,97.579,99.677,97.648,96.359,98.902,98.616,98.886,99.511,93.966,98.544,95.181,92.221,93.757,92.131
24340,"Grand Rapids-Kentwood, MI (Metropolitan Statistical Area)",96.258,96.317,95.451,94.618,94.863,95.913,95.348,93.713,94.587,92.409,94.113,95.892,94.468,96.472,94.365,95.189
24420,"Grants Pass, OR (Metropolitan Statistical Area)",96.237,94.728,93.947,94.399,96.067,95.288,94.643,96.289,96.233,96.082,99.919,100.201,94.992,98.814,102.753,100.709
24500,"Great Falls, MT (Metropolitan Statistical Area)",85.229,89.237,84.968,91.811,92.282,91.930,92.093,90.059,88.012,90.132,91.764,88.843,86.993,86.923,91.166,92.596
24540,"Greeley, CO (Metropolitan Statistical Area)",101.074,99.532,98.820,99.154,100.681,100.852,101.341,100.476,100.131,99.725,97.915,100.755,97.496,95.274,94.854,95.987
24580,"Green Bay, WI (Metropolitan Statistical Area)",94.703,94.453,95.225,92.975,92.946,93.554,92.760,91.290,92.122,91.421,93.350,92.386,92.055,92.310,90.529,92.064
24660,"Greensboro-High Point, NC (Metropolitan Statistical Area)",92.546,91.057,92.821,93.725,93.352,93.293,93.797,93.669,92.667,92.408,92.198,90.280,89.378,92.764,92.436,92.680
24780,"Greenville, NC (Metropolitan Statistical Area)",89.944,88.387,91.792,92.013,92.599,91.631,91.547,90.011,92.326,90.986,87.811,89.351,87.500,89.525,88.064,91.612
24860,"Greenville-Anderson, SC (Metropolitan Statistical Area)",91.316,90.980,93.053,93.284,93.207,92.943,92.564,93.396,93.686,93.006,91.732,90.714,90.329,93.452,92.940,92.778
25060,"Gulfport-Biloxi, MS (Metropolitan Statistical Area)",95.298,91.399,93.277,94.001,94.292,92.757,94.238,91.323,92.498,91.933,87.330,89.139,89.235,88.958,88.927,89.345
25180,"Hagerstown-Martinsburg, MD-WV (Metropolitan Statistical Area)",100.168,100.792,97.028,100.093,99.353,100.121,99.393,100.767,99.656,98.616,94.034,93.270,93.056,95.334,93.451,95.149
25220,"Hammond, LA (Metropolitan Statistical Area)",88.499,86.672,90.865,88.913,86.517,87.606,86.707,88.506,87.739,87.698,88.720,89.136,86.948,88.786,89.241,87.510
25260,"Hanford-Corcoran, CA (Metropolitan Statistical Area)",100.809,97.876,95.812,99.700,96.064,95.730,94.633,99.008,97.075,96.022,101.717,98.040,99.778,98.507,102.310,98.415
25420,"Harrisburg-Carlisle, PA (Metropolitan Statistical Area)",99.063,99.654,98.323,97.672,97.049,98.895,95.718,98.663,98.238,99.445,97.727,96.699,96.109,97.265,95.841,96.525
25500,"Harrisonburg, VA (Metropolitan Statistical Area)",92.003,90.849,92.826,91.386,92.322,92.258,92.682,91.771,91.280,90.454,93.400,92.612,90.422,94.021,94.908,93.218
25540,"Hartford-East Hartford-Middletown, CT (Metropolitan Statistical Area)",104.662,104.860,103.016,102.425,102.451,102.062,100.780,103.316,102.999,103.647,102.439,102.877,103.889,101.900,104.744,102.568
25620,"Hattiesburg, MS (Metropolitan Statistical Area)",88.857,84.581,87.918,89.283,89.107,89.382,88.669,88.533,87.896,87.935,88.381,87.787,85.237,88.320,89.016,89.303
25860,"Hickory-Lenoir-Morganton, NC (Metropolitan Statistical Area)",89.963,90.292,90.755,92.293,90.909,89.464,91.198,89.513,90.890,90.811,88.646,86.981,86.986,89.096,89.461,89.221
25940,"Hilton Head Island-Bluffton, SC (Metropolitan Statistical Area)",95.038,92.543,95.829,92.931,93.482,95.640,94.841,95.168,95.933,92.081,95.947,97.724,93.568,99.106,99.296,95.654
25980,"Hinesville, GA (Metropolitan Statistical Area)",90.466,86.039,91.264,92.051,90.608,92.791,91.983,89.745,91.771,90.032,93.727,93.385,89.778,93.563,94.387,93.888
26140,"Homosassa Springs, FL (Metropolitan Statistical Area)",90.303,91.667,90.915,90.274,92.685,91.833,91.993,91.582,90.093,88.589,93.862,90.841,89.921,93.742,94.628,95.433
26300,"Hot Springs, AR (Metropolitan Statistical Area)",86.624,84.772,86.660,88.753,88.108,87.415,85.164,86.048,88.382,85.700,85.721,86.256,87.203,88.662,86.223,85.801
26380,"Houma-Thibodaux, LA (Metropolitan Statistical Area)",90.445,89.183,94.400,94.283,95.139,95.725,93.886,94.228,95.074,93.997,89.801,90.887,92.166,88.407,88.357,88.583
26420,"Houston-The Woodlands-Sugar Land, TX (Metropolitan Statistical Area)",99.444,100.537,100.950,98.585,99.959,101.013,102.123,103.042,102.334,99.906,101.708,101.420,100.031,99.697,98.822,100.220
26580,"Huntington-Ashland, WV-KY-OH (Metropolitan Statistical Area)",88.101,87.798,88.127,91.128,89.596,89.232,90.401,89.997,90.453,88.844,88.331,87.155,86.854,88.755,88.456,88.435
26620,"Huntsville, AL (Metropolitan Statistical Area)",92.061,91.097,92.496,93.781,93.975,93.583,92.661,92.647,93.525,94.002,89.819,91.215,90.668,91.462,92.828,94.397
26820,"Idaho Falls, ID (Metropolitan Statistical Area)",95.270,93.890,91.203,93.711,93.213,91.768,87.934,94.972,95.439,95.508,90.834,91.995,90.943,90.397,90.897,89.946
26900,"Indianapolis-Carmel-Anderson, IN (Metropolitan Statistical Area)",96.574,96.144,95.957,94.363,94.894,95.712,94.732,94.292,94.164,93.253,94.729,95.232,93.598,94.843,93.807,94.578
26980,"Iowa City, IA (Metropolitan Statistical Area)",95.821,95.053,97.313,96.346,96.527,97.175,97.678,95.139,95.540,94.715,94.853,95.724,95.559,92.945,91.311,91.830
27060,"Ithaca, NY (Metropolitan Statistical Area)",100.406,102.649,100.317,101.717,101.951,99.866,100.021,103.539,102.191,104.991,101.503,103.624,101.308,102.158,98.584,98.924
27100,"Jackson, MI (Metropolitan Statistical Area)",96.846,93.092,92.351,93.952,93.484,91.443,93.340,91.125,92.978,91.332,92.977,93.262,92.071,93.597,91.504,92.732
27140,"Jackson, MS (Metropolitan Statistical Area)",91.949,91.378,93.567,93.372,93.323,93.282,92.999,93.228,93.893,92.940,89.021,88.697,88.993,88.713,90.386,90.671
27180,"Jackson, TN (Metropolitan Statistical Area)",86.094,82.673,85.313,85.819,87.519,85.087,86.996,87.213,85.919,85.934,84.243,84.230,83.793,85.219,86.792,87.278
27260,"Jacksonville, FL (Metropolitan Statistical Area)",99.553,97.845,98.590,99.147,98.937,98.237,99.237,99.232,99.302,98.737,97.003,95.927,96.383,98.704,98.483,99.216
27340,"Jacksonville, NC (Metropolitan Statistical Area)",93.866,94.307,96.142,97.594,95.467,93.721,94.187,92.995,93.715,92.862,90.855,90.145,88.315,89.543,92.302,91.584
27500,"Janesville-Beloit, WI (Metropolitan Statistical Area)",94.551,94.738,96.310,94.808,95.004,94.401,95.443,92.831,92.846,92.489,93.943,94.136,91.554,93.025,91.834,91.393
27620,"Jefferson City, MO (Metropolitan Statistical Area)",81.391,84.722,87.823,87.468,89.985,88.379,86.886,86.796,85.850,82.552,89.305,91.121,88.940,88.159,87.013,87.681
27740,"Johnson City, TN (Metropolitan Statistical Area)",91.560,89.878,90.605,91.849,93.427,89.689,91.506,91.487,91.608,90.011,86.369,89.137,88.454,86.978,87.436,88.872
27780,"Johnstown, PA (Metropolitan Statistical Area)",90.828,91.072,90.580,88.942,86.869,88.636,89.193,88.645,88.733,90.787,89.323,87.048,87.519,86.088,87.376,88.064
27860,"Jonesboro, AR (Metropolitan Statistical Area)",84.184,81.810,83.915,85.297,85.769,85.047,85.502,85.493,84.751,85.472,84.655,85.436,85.464,86.677,86.464,85.686
27900,"Joplin, MO (Metropolitan Statistical Area)",91.616,90.247,90.020,90.134,90.647,90.722,90.459,90.069,89.022,87.975,87.796,89.538,88.104,87.971,84.853,85.648
27980,"Kahului-Wailuku-Lahaina, HI (Metropolitan Statistical Area)",107.577,101.129,103.905,104.866,102.677,107.187,102.798,109.036,102.867,104.835,109.080,109.313,111.516,111.129,108.790,106.280
28020,"Kalamazoo-Portage, MI (Metropolitan Statistical Area)",97.493,97.705,95.570,93.782,95.404,96.636,96.331,93.196,96.444,93.403,94.884,94.088,95.279,93.042,94.795,93.979
28100,"Kankakee, IL (Metropolitan Statistical Area)",99.364,98.199,99.182,100.031,99.215,98.546,97.675,96.512,97.644,98.313,93.464,94.370,90.566,91.932,92.157,92.307
28140,"Kansas City, MO-KS (Metropolitan Statistical Area)",93.021,94.856,95.907,96.528,96.808,95.784,97.071,98.576,97.226,96.832,94.279,94.971,95.044,93.619,92.016,93.266
28420,"Kennewick-Richland, WA (Metropolitan Statistical Area)",94.086,98.091,96.276,101.056,99.342,98.204,98.704,97.660,97.249,98.556,101.093,102.337,99.774,100.444,104.346,98.988
28660,"Killeen-Temple, TX (Metropolitan Statistical Area)",94.422,91.935,94.157,95.293,94.077,95.080,95.227,94.553,95.144,94.152,91.963,91.970,91.928,93.286,91.366,91.761
28700,"Kingsport-Bristol, TN-VA (Metropolitan Statistical Area)",89.549,88.345,87.919,89.787,89.867,88.512,88.349,89.208,88.910,88.769,85.106,86.572,83.406,85.527,86.232,85.354
28740,"Kingston, NY (Metropolitan Statistical Area)",107.413,104.446,102.949,101.642,102.125,103.606,102.460,102.556,101.335,103.003,100.850,101.528,101.552,99.868,99.256,98.970
28940,"Knoxville, TN (Metropolitan Statistical Area)",92.141,91.604,93.274,94.022,94.859,93.503,93.076,92.945,93.891,93.353,89.039,90.863,89.480,90.104,91.330,92.773
29020,"Kokomo, IN (Metropolitan Statistical Area)",92.388,91.929,92.758,89.041,90.716,92.069,91.426,89.002,87.791,87.582,89.136,90.247,88.460,90.628,86.801,89.666
29100,"La Crosse-Onalaska, WI-MN (Metropolitan Statistical Area)",95.961,97.356,96.046,94.600,94.523,93.411,96.354,94.404,94.659,93.111,94.626,93.911,89.531,94.851,91.232,91.291
29180,"Lafayette, LA (Metropolitan Statistical Area)",89.046,88.975,90.038,91.250,92.591,91.009,93.550,92.426,92.813,91.831,90.374,89.967,90.208,90.888,89.563,87.010
29200,"Lafayette-West Lafayette, IN (Metropolitan Statistical Area)",91.749,93.447,93.241,91.635,93.769,94.052,92.859,92.161,91.232,91.277,92.504,93.147,90.912,92.363,91.977,91.524
29340,"Lake Charles, LA (Metropolitan Statistical Area)",91.041,87.678,89.594,91.403,91.141,91.439,91.017,91.633,91.847,92.400,89.408,89.964,91.279,90.406,89.425,86.749
29420,"Lake Havasu City-Kingman, AZ (Metropolitan Statistical Area)",93.765,97.301,94.635,94.666,95.534,94.996,92.309,92.177,92.952,93.709,89.813,88.376,87.680,89.344,92.766,89.895
29460,"Lakeland-Winter Haven, FL (Metropolitan Statistical Area)",96.877,95.371,95.527,96.954,96.072,95.194,96.001,96.734,96.390,95.916,94.495,93.578,93.251,96.105,96.137,97.374
29540,"Lancaster, PA (Metropolitan Statistical Area)",100.261,100.237,98.236,97.257,97.841,99.464,97.483,99.543,99.454,101.136,98.135,96.950,97.846,96.866,96.522,96.305
29620,"Lansing-East Lansing, MI (Metropolitan Statistical Area)",96.569,95.961,97.185,94.256,95.294,95.906,95.398,92.942,94.080,93.295,94.223,94.827,93.543,93.898,94.021,92.846
29700,"Laredo, TX (Metropolitan Statistical Area)",91.512,89.955,90.913,91.998,92.421,91.588,93.253,94.023,93.627,90.645,90.637,90.771,91.667,89.527,90.048,87.786
29740,"Las Cruces, NM (Metropolitan Statistical Area)",92.111,93.940,92.964,94.871,94.764,94.798,93.702,92.810,90.680,92.702,87.811,91.327,87.309,86.081,86.742,89.348
29820,"Las Vegas-Henderson-Paradise, NV (Metropolitan Statistical Area)",101.590,104.197,101.389,102.976,102.348,100.199,99.615,98.803,97.474,100.154,96.303,99.002,97.766,95.414,96.467,97.401
29940,"Lawrence, KS (Metropolitan Statistical Area)",98.214,97.793,97.598,95.995,96.047,96.178,96.554,93.164,94.237,94.303,94.413,92.215,93.972,92.754,92.245,90.989
30020,"Lawton, OK (Metropolitan Statistical Area)",86.778,87.692,89.114,91.267,90.900,91.963,93.185,90.898,92.320,89.830,87.151,87.200,85.614,87.022,85.330,87.627
30140,"Lebanon, PA (Metropolitan Statistical Area)",99.113,98.307,96.516,93.222,95.742,94.113,95.855,95.877,96.509,98.064,96.610,94.555,94.849,95.785,92.911,95.330
30300,"Lewiston, ID-WA (Metropolitan Statistical Area)",94.029,93.608,93.694,94.083,88.300,91.395,91.644,92.737,91.472,89.848,87.738,89.623,86.072,86.798,85.091,87.203
30340,"Lewiston-Auburn, ME (Metropolitan Statistical Area)",97.885,103.513,99.229,98.871,98.817,95.232,92.940,97.315,96.687,95.969,99.384,96.408,99.655,93.856,101.271,100.109
30460,"Lexington-Fayette, KY (Metropolitan Statistical Area)",94.954,93.585,94.175,95.025,96.189,95.031,95.114,95.066,95.127,94.761,91.266,92.497,91.597,92.067,91.242,93.110
30620,"Lima, OH (Metropolitan Statistical Area)",92.944,90.927,92.729,89.773,91.414,90.835,91.595,89.245,88.567,87.422,88.973,89.784,89.315,88.733,89.462,87.585
30700,"Lincoln, NE (Metropolitan Statistical Area)",95.007,95.087,94.976,93.418,93.881,94.647,94.752,94.080,93.348,93.599,94.487,95.138,95.214,93.231,92.008,91.950
30780,"Little Rock-North Little Rock-Conway, AR (Metropolitan Statistical Area)",92.829,91.393,93.586,93.698,93.715,93.923,93.680,93.518,94.285,93.387,90.340,90.464,90.608,91.571,89.325,89.092
30860,"Logan, UT-ID (Metropolitan Statistical Area)",95.814,93.646,93.595,91.827,92.541,92.798,94.184,96.632,94.684,95.345,92.059,92.356,91.334,91.918,92.684,92.912
30980,"Longview, TX (Metropolitan Statistical Area)",92.175,90.997,92.558,93.223,94.326,93.136,93.373,93.612,94.191,92.072,90.833,92.126,92.354,92.407,86.582,88.417
31020,"Longview, WA (Metropolitan Statistical Area)",98.293,95.314,95.640,95.477,92.471,95.748,95.180,97.636,96.876,97.306,99.429,98.328,100.018,98.755,101.319,99.411
31080,"Los Angeles-Long Beach-Anaheim, CA (Metropolitan Statistical Area)",113.266,112.136,112.409,111.398,112.018,112.387,112.144,113.308,111.188,110.180,111.251,110.939,113.889,114.074,113.278,115.455
31140,"Louisville/Jefferson County, KY-IN (Metropolitan Statistical Area)",93.444,92.549,94.492,94.641,95.190,95.467,95.644,94.832,95.392,94.789,91.843,91.463,91.782,91.831,92.352,94.018
31180,"Lubbock, TX (Metropolitan Statistical Area)",95.457,93.956,95.982,95.719,95.719,95.960,95.594,96.664,96.466,95.457,92.412,93.351,94.623,93.686,91.551,90.869
31340,"Lynchburg, VA (Metropolitan Statistical Area)",90.090,87.905,89.150,92.616,91.042,92.663,91.347,93.147,91.603,91.585,89.525,88.921,87.997,91.081,90.926,90.284
31420,"Macon-Bibb County, GA (Metropolitan Statistical Area)",91.250,89.191,89.468,90.751,90.111,89.462,87.956,89.749,89.840,89.798,88.594,86.975,85.283,87.325,90.160,90.039
31460,"Madera, CA (Metropolitan Statistical Area)",97.874,100.731,95.991,96.540,98.801,95.473,95.729,96.071,92.816,97.549,100.687,98.054,94.125,100.031,103.024,102.948
31540,"Madison, WI (Metropolitan Statistical Area)",98.177,98.668,98.812,96.898,97.395,97.805,98.212,96.024,95.969,95.641,98.169,98.092,95.869,96.631,95.551,95.786
31700,"Manchester-Nashua, NH (Metropolitan Statistical Area)",109.180,104.399,104.408,104.712,104.149,101.991,104.337,104.906,107.992,107.271,103.373,104.194,104.779,102.141,108.109,105.074
31740,"Manhattan, KS (Metropolitan Statistical Area)",85.837,88.533,93.053,92.617,94.556,94.862,94.772,91.610,89.600,90.789,93.800,93.031,91.734,90.696,89.469,90.258
31860,"Mankato, MN (Metropolitan Statistical Area)",85.102,88.661,92.758,86.326,94.539,94.217,89.537,92.157,88.767,89.413,94.816,94.818,91.229,88.314,88.941,87.637
31900,"Mansfield, OH (Metropolitan Statistical Area)",92.361,89.512,90.922,90.691,91.003,87.715,89.088,88.926,89.201,87.705,85.676,89.202,88.932,88.263,87.675,86.616
32580,"McAllen-Edinburg-Mission, TX (Metropolitan Statistical Area)",86.812,86.282,87.663,87.968,89.133,88.244,89.093,89.409,89.787,89.271,86.801,86.821,88.032,87.251,86.614,85.555
32780,"Medford, OR (Metropolitan Statistical Area)",97.403,99.535,98.698,101.982,100.897,97.194,98.344,98.690,98.012,99.958,102.694,99.908,101.896,102.225,105.715,103.349
32820,"Memphis, TN-MS-AR (Metropolitan Statistical Area)",94.219,92.771,94.684,95.010,95.052,94.750,94.636,94.258,95.296,94.298,89.623,91.362,90.404,90.358,91.848,92.427
32900,"Merced, CA (Metropolitan Statistical Area)",94.230,98.340,96.657,98.436,98.590,98.098,96.043,95.654,95.263,98.209,101.240,101.239,98.751,100.267,102.904,99.517
33100,"Miami-Fort Lauderdale-Pompano Beach, FL (Metropolitan Statistical Area)",106.533,106.019,105.278,106.682,107.442,106.677,105.849,107.268,107.864,108.297,109.498,108.538,109.523,109.949,111.797,111.824
33140,"Michigan City-La Porte, IN (Metropolitan Statistical Area)",83.749,87.459,88.883,89.004,88.921,89.775,90.346,87.646,87.215,84.657,91.600,89.957,91.862,90.746,88.636,92.071
33220,"Midland, MI (Metropolitan Statistical Area)",94.169,93.934,92.528,92.722,93.199,93.396,92.940,91.070,92.094,89.357,92.709,92.444,88.748,91.466,88.212,90.565
33260,"Midland, TX (Metropolitan Statistical Area)",96.458,96.171,98.526,101.089,100.292,101.479,103.208,104.237,102.600,100.579,99.843,100.498,95.838,97.735,95.875,94.761
33340,"Milwaukee-Waukesha, WI (Metropolitan Statistical Area)",98.047,99.070,97.814,96.284,97.652,97.091,97.052,97.830,99.073,100.792,95.879,97.562,95.745,95.552,95.139,95.536
33460,"Minneapolis-St. Paul-Bloomington, MN-WI (Metropolitan Statistical Area)",102.856,104.868,102.280,102.514,101.210,102.048,103.542,102.789,102.403,102.247,104.668,102.729,102.386,103.426,102.639,104.509
33540,"Missoula, MT (Metropolitan Statistical Area)",98.036,96.813,97.140,97.948,93.915,94.974,95.994,95.726,95.803,97.895,92.650,95.783,93.901,94.625,90.126,93.107
33660,"Mobile, AL (Metropolitan Statistical Area)",89.975,89.276,89.837,91.583,92.584,91.805,93.244,91.105,91.872,91.816,87.491,88.102,87.074,87.729,87.561,89.418
33700,"Modesto, CA (Metropolitan Statistical Area)",98.673,102.464,100.348,101.842,102.083,100.634,99.248,98.601,97.707,99.807,104.625,104.599,103.162,102.945,105.919,104.962
33740,"Monroe, LA (Metropolitan Statistical Area)",86.841,84.743,88.961,87.976,86.812,87.342,88.423,85.466,86.496,87.492,86.761,86.127,83.564,86.826,86.839,83.601
33780,"Monroe, MI (Metropolitan Statistical Area)",96.195,96.393,97.647,98.177,94.124,95.405,96.710,95.548,92.938,93.423,95.282,93.588,93.514,92.013,93.320,93.214
33860,"Montgomery, AL (Metropolitan Statistical Area)",91.307,90.727,92.324,91.098,93.269,91.394,90.675,90.622,93.087,92.801,88.423,88.756,87.517,88.497,89.833,90.757
34060,"Morgantown, WV (Metropolitan Statistical Area)",89.368,87.390,92.697,93.762,91.746,93.047,89.859,95.804,94.380,90.171,94.067,91.573,91.899,95.815,92.395,92.275
34100,"Morristown, TN (Metropolitan Statistical Area)",86.062,82.443,86.350,87.938,88.354,88.165,86.598,87.034,85.408,86.588,85.948,86.817,84.049,84.330,87.651,87.712
34580,"Mount Vernon-Anacortes, WA (Metropolitan Statistical Area)",103.072,101.157,100.022,100.021,98.664,98.847,96.890,101.379,101.462,101.849,104.141,101.715,102.136,100.324,105.711,106.018
34620,"Muncie, IN (Metropolitan Statistical Area)",93.897,91.441,91.702,91.301,90.580,92.127,89.971,88.328,88.636,89.020,90.930,88.456,87.159,88.963,88.203,88.802
34740,"Muskegon, MI (Metropolitan Statistical Area)",93.213,93.928,93.635,91.402,90.789,90.688,92.734,87.310,90.414,89.875,91.739,93.426,93.382,91.940,91.853,91.683
34820,"Myrtle Beach-Conway-North Myrtle Beach, SC-NC (Metropolitan Statistical Area)",94.167,93.446,94.009,94.648,94.436,93.036,94.015,93.519,94.895,93.389,92.181,92.187,92.604,94.769,94.108,92.818
34900,"Napa, CA (Metropolitan Statistical Area)",115.141,114.974,112.638,111.818,111.621,113.019,114.776,115.162,117.614,121.381,115.960,112.572,112.230,112.443,112.909,111.770
34940,"Naples-Marco Island, FL (Metropolitan Statistical Area)",104.271,101.524,102.203,99.857,101.597,101.357,101.349,102.676,103.743,104.315,100.741,100.634,99.103,102.209,102.701,105.811
34980,"Nashville-Davidson--Murfreesboro--Franklin, TN (Metropolitan Statistical Area)",95.801,95.284,96.733,97.112,97.410,97.622,97.332,97.306,99.386,98.620,94.033,95.826,95.991,95.274,96.602,97.430
35100,"New Bern, NC (Metropolitan Statistical Area)",86.670,86.856,87.146,89.314,90.662,90.386,88.381,91.382,89.110,85.840,89.164,89.014,88.211,91.145,90.715,89.945
35300,"New Haven-Milford, CT (Metropolitan Statistical Area)",113.996,114.038,108.754,111.235,110.385,109.950,109.681,109.091,108.578,108.714,103.184,103.240,103.642,101.402,105.164,103.502
35380,"New Orleans-Metairie, LA (Metropolitan Statistical Area)",97.869,96.033,97.244,97.551,97.816,97.677,97.531,96.897,98.256,97.083,93.858,94.914,95.744,94.326,93.587,91.146
35620,"New York-Newark-Jersey City, NY-NJ-PA (Metropolitan Statistical Area)",113.409,114.854,113.477,114.664,113.863,113.431,113.281,113.227,113.685,113.481,114.624,114.855,115.527,114.835,113.007,112.473
35660,"Niles, MI (Metropolitan Statistical Area)",94.324,91.657,92.492,91.966,91.258,90.716,91.958,91.133,91.255,89.647,89.138,87.379,90.316,91.956,88.100,89.677
35840,"North Port-Sarasota-Bradenton, FL (Metropolitan Statistical Area)",101.277,100.254,100.093,100.260,100.896,99.845,101.089,101.090,101.493,102.164,100.961,99.989,99.629,99.282,101.587,103.635
35980,"Norwich-New London, CT (Metropolitan Statistical Area)",104.669,105.089,102.181,102.235,102.086,102.411,98.406,102.292,103.001,102.603,102.043,102.874,102.460,100.113,103.756,100.420
36100,"Ocala, FL (Metropolitan Statistical Area)",96.255,95.319,94.075,95.131,94.774,93.468,93.886,93.323,94.806,94.362,93.261,91.888,91.199,93.855,93.924,95.506
36140,"Ocean City, NJ (Metropolitan Statistical Area)",113.158,107.475,112.637,107.167,102.831,101.378,105.121,103.457,103.112,106.982,102.520,98.178,102.073,94.190,103.095,101.471
36220,"Odessa, TX (Metropolitan Statistical Area)",96.368,94.125,96.235,98.577,97.896,99.935,101.216,99.302,99.037,98.436,96.945,98.073,99.160,96.359,94.023,92.056
36260,"Ogden-Clearfield, UT (Metropolitan Statistical Area)",95.093,99.092,97.577,100.047,100.430,98.094,98.415,95.683,96.240,97.514,95.760,97.719,95.392,93.646,94.293,95.132
36420,"Oklahoma City, OK (Metropolitan Statistical Area)",92.791,91.630,93.998,94.199,94.762,94.657,95.080,94.277,94.772,94.443,92.067,91.906,92.659,92.462,91.334,90.978
36500,"Olympia-Lacey-Tumwater, WA (Metropolitan Statistical Area)",105.363,104.065,102.798,104.940,101.269,101.882,104.711,104.003,106.049,107.465,105.010,104.476,101.906,103.493,107.447,106.477
36540,"Omaha-Council Bluffs, NE-IA (Metropolitan Statistical Area)",96.092,96.250,95.865,94.289,95.767,95.155,95.642,94.245,94.667,94.054,94.250,94.910,94.960,93.784,92.037,92.519
36740,"Orlando-Kissimmee-Sanford, FL (Metropolitan Statistical Area)",101.332,99.393,99.689,100.321,99.914,99.739,100.248,100.163,100.785,100.530,98.853,98.181,98.473,99.811,100.515,101.109
36780,"Oshkosh-Neenah, WI (Metropolitan Statistical Area)",97.180,94.687,95.241,94.253,94.481,95.175,93.293,93.065,93.080,91.968,92.295,92.488,92.610,92.532,91.315,90.692
36980,"Owensboro, KY (Metropolitan Statistical Area)",88.467,88.141,89.785,91.497,93.481,92.067,91.917,92.116,91.857,93.374,88.010,89.293,89.042,87.550,88.339,90.034
37100,"Oxnard-Thousand Oaks-Ventura, CA (Metropolitan Statistical Area)",109.543,110.358,109.331,109.592,110.396,111.180,113.085,113.136,111.060,108.050,114.102,112.461,111.343,111.431,114.382,113.470
37340,"Palm Bay-Melbourne-Titusville, FL (Metropolitan Statistical Area)",99.901,97.145,98.505,98.602,97.983,97.045,98.907,99.579,98.784,99.416,98.340,96.610,96.782,98.935,99.384,100.838
37460,"Panama City, FL (Metropolitan Statistical Area)",98.177,95.844,97.342,98.412,97.118,94.376,95.402,95.103,95.591,94.510,94.257,94.606,94.553,96.774,97.485,97.980
37620,"Parkersburg-Vienna, WV (Metropolitan Statistical Area)",87.002,86.255,86.963,88.489,91.593,91.703,90.577,92.642,92.650,91.255,89.657,88.032,86.155,89.689,87.156,88.219
37860,"Pensacola-Ferry Pass-Brent, FL (Metropolitan Statistical Area)",96.381,95.223,96.104,98.679,97.316,96.233,96.893,97.216,97.417,96.631,95.282,93.949,93.292,95.757,95.363,95.560
37900,"Peoria, IL (Metropolitan Statistical Area)",93.050,93.435,92.438,91.659,92.393,92.388,93.174,92.027,90.234,89.160,91.502,92.023,89.879,90.190,89.902,88.617
37980,"Philadelphia-Camden-Wilmington, PA-NJ-DE-MD (Metropolitan Statistical Area)",106.620,107.793,106.441,105.296,103.837,101.796,102.412,102.251,102.566,104.007,103.158,103.676,102.300,99.047,100.640,103.547
38060,"Phoenix-Mesa-Chandler, AZ (Metropolitan Statistical Area)",105.692,105.414,102.653,100.302,98.688,99.458,99.121,98.724,100.376,98.850,99.596,100.022,102.787,99.094,103.843,105.524
38220,"Pine Bluff, AR (Metropolitan Statistical Area)",85.509,85.608,87.439,86.740,88.097,87.910,86.670,85.576,87.391,84.610,82.949,84.475,83.831,87.271,81.381,80.325
38300,"Pittsburgh, PA (Metropolitan Statistical Area)",92.249,93.037,94.586,94.987,95.692,94.525,94.464,95.088,94.038,95.028,95.617,95.491,95.623,94.851,93.803,94.442
38340,"Pittsfield, MA (Metropolitan Statistical Area)",99.833,99.397,98.668,95.384,97.851,96.180,96.889,100.650,100.627,100.813,100.484,99.254,99.472,96.006,99.993,92.967
38540,"Pocatello, ID (Metropolitan Statistical Area)",94.127,89.186,90.271,88.032,91.054,91.696,89.575,94.622,88.963,92.055,89.050,87.874,88.976,88.537,87.307,87.752
38860,"Portland-South Portland, ME (Metropolitan Statistical Area)",102.616,103.281,101.052,98.700,101.328,103.110,94.559,99.994,102.367,102.279,101.941,97.569,102.606,101.842,104.794,103.597
38900,"Portland-Vancouver-Hillsboro, OR-WA (Metropolitan Statistical Area)",98.944,102.209,101.312,101.814,104.300,103.001,102.137,103.712,101.540,103.716,107.341,106.447,105.837,105.398,108.808,106.615
38940,"Port St. Lucie, FL (Metropolitan Statistical Area)",101.067,98.589,98.817,98.873,99.147,98.372,99.849,99.706,100.477,99.264,99.016,94.389,98.620,98.509,98.317,101.675
39100,"Poughkeepsie-Newburgh-Middletown, NY (Metropolitan Statistical Area) *",(NA),(NA),(NA),(NA),(NA),(NA),(NA),(NA),109.962,109.570,110.800,111.876,109.675,110.309,109.968,109.728
39150,"Prescott Valley-Prescott, AZ (Metropolitan Statistical Area)",103.032,98.832,97.848,97.782,96.568,97.807,96.421,100.321,98.625,99.584,93.627,95.893,93.190,93.949,92.632,95.026
39300,"Providence-Warwick, RI-MA (Metropolitan Statistical Area)",103.906,104.048,101.964,101.432,100.398,101.646,100.629,102.402,102.031,103.077,101.460,101.873,101.659,101.315,103.574,100.862
39340,"Provo-Orem, UT (Metropolitan Statistical Area)",97.127,102.267,98.924,100.850,100.392,99.948,98.096,97.773,97.010,99.232,96.626,98.256,94.806,95.803,94.894,95.023
39380,"Pueblo, CO (Metropolitan Statistical Area)",91.344,95.026,93.484,96.154,96.185,94.256,92.064,92.620,93.130,94.287,90.939,92.576,90.146,90.675,90.409,92.397
39460,"Punta Gorda, FL (Metropolitan Statistical Area)",97.508,95.174,96.934,96.593,97.855,95.463,96.848,97.801,98.722,98.833,97.155,95.673,98.857,96.246,95.893,98.437
39540,"Racine, WI (Metropolitan Statistical Area)",96.656,96.733,94.881,93.524,94.502,95.097,95.388,96.708,94.613,98.482,93.643,94.243,93.876,92.149,90.887,95.038
39580,"Raleigh-Cary, NC (Metropolitan Statistical Area)",96.978,95.876,97.129,98.232,97.997,97.907,98.353,98.235,99.227,98.421,96.884,95.591,95.404,97.629,98.306,97.989
39660,"Rapid City, SD (Metropolitan Statistical Area)",91.496,91.227,92.980,87.624,94.701,93.623,91.933,90.037,90.147,89.527,92.031,92.420,94.177,91.947,90.665,90.315
39740,"Reading, PA (Metropolitan Statistical Area)",99.128,99.439,98.248,97.691,97.822,99.899,97.392,98.222,98.767,99.061,98.339,97.324,96.005,96.032,96.245,96.019
39820,"Redding, CA (Metropolitan Statistical Area)",97.325,101.047,99.792,101.588,102.331,98.128,99.927,97.917,96.337,98.955,102.787,102.181,99.596,99.323,103.685,102.836
39900,"Reno, NV (Metropolitan Statistical Area)",101.446,103.868,101.633,103.400,103.361,101.303,100.102,99.378,98.361,100.769,97.794,100.333,98.560,97.210,98.229,97.448
40060,"Richmond, VA (Metropolitan Statistical Area)",98.055,97.405,98.480,99.353,98.579,98.261,98.511,98.851,99.302,97.814,97.142,95.191,95.897,98.004,97.616,97.988
40140,"Riverside-San Bernardino-Ontario, CA (Metropolitan Statistical Area)",106.350,106.092,105.061,104.526,104.443,105.620,107.050,107.051,105.548,102.720,105.856,105.607,104.375,105.448,106.669,107.929
40220,"Roanoke, VA (Metropolitan Statistical Area)",92.335,92.111,94.163,91.283,93.085,93.135,93.137,91.822,91.957,91.204,91.866,91.007,90.238,93.710,92.292,90.944
40340,"Rochester, MN (Metropolitan Statistical Area)",95.267,95.627,91.286,93.671,94.532,93.970,95.961,93.671,92.964,92.850,93.135,94.693,96.691,91.933,92.033,93.114
40380,"Rochester, NY (Metropolitan Statistical Area)",100.988,100.948,99.127,98.329,98.468,99.647,98.109,99.869,99.863,100.943,98.909,97.663,97.255,97.412,95.216,97.667
40420,"Rockford, IL (Metropolitan Statistical Area)",96.774,96.723,93.235,93.834,93.919,93.156,93.397,92.602,93.388,91.009,91.013,92.844,91.748,93.207,90.701,90.067
40580,"Rocky Mount, NC (Metropolitan Statistical Area)",88.650,88.456,89.656,91.181,89.065,89.835,89.052,90.661,87.802,89.853,86.217,83.965,83.827,87.655,87.341,88.237
40660,"Rome, GA (Metropolitan Statistical Area)",87.921,85.638,88.227,86.615,86.218,87.324,88.022,88.153,88.270,85.900,88.671,87.800,86.337,90.900,90.808,90.223
40900,"Sacramento-Roseville-Folsom, CA (Metropolitan Statistical Area)",101.259,105.133,102.734,104.940,104.862,103.236,103.041,101.212,101.034,103.478,109.019,107.407,106.963,106.257,109.857,108.888
40980,"Saginaw, MI (Metropolitan Statistical Area)",93.548,92.725,92.223,92.484,90.941,92.328,90.535,90.335,90.720,89.483,90.854,90.154,88.919,90.967,87.142,89.260
41060,"St. Cloud, MN (Metropolitan Statistical Area)",97.404,92.762,94.946,93.915,95.195,95.324,94.570,93.522,93.781,90.642,93.058,94.644,91.474,87.449,91.764,89.333
41100,"St. George, UT (Metropolitan Statistical Area)",98.583,93.715,94.544,93.852,96.448,95.090,94.318,98.290,99.187,99.094,94.734,95.432,95.860,94.160,94.883,96.063
41140,"St. Joseph, MO-KS (Metropolitan Statistical Area)",92.627,92.707,91.380,90.346,91.008,92.009,90.171,90.046,88.775,88.159,89.680,88.641,87.755,88.838,87.086,87.803
41180,"St. Louis, MO-IL (Metropolitan Statistical Area)",91.124,93.318,97.018,96.332,94.521,95.626,96.873,94.558,94.487,95.617,94.382,95.081,95.196,96.270,96.659,96.312
41420,"Salem, OR (Metropolitan Statistical Area)",94.317,98.942,98.666,98.145,101.044,99.316,97.695,98.964,97.118,99.058,102.445,101.844,100.936,101.969,104.792,102.410
41500,"Salinas, CA (Metropolitan Statistical Area)",104.612,107.697,106.805,109.396,110.069,108.872,106.542,105.980,104.716,107.682,112.241,111.481,110.262,109.245,113.028,112.988
41540,"Salisbury, MD-DE (Metropolitan Statistical Area)",93.529,90.988,94.019,92.298,91.673,94.042,95.509,93.629,90.112,90.326,95.033,92.331,90.807,93.908,95.207,95.120
41620,"Salt Lake City, UT (Metropolitan Statistical Area)",98.459,101.980,99.178,102.660,102.168,100.926,100.272,99.139,98.287,100.462,97.805,99.654,97.273,96.211,95.830,96.404
41660,"San Angelo, TX (Metropolitan Statistical Area)",91.472,93.153,92.937,93.887,95.957,95.246,96.689,97.365,96.269,95.091,94.154,93.713,94.985,91.709,92.495,90.869
41700,"San Antonio-New Braunfels, TX (Metropolitan Statistical Area)",96.053,95.063,96.303,96.570,97.386,97.396,97.681,97.422,98.237,97.159,95.563,95.748,96.794,96.201,94.977,93.727
41740,"San Diego-Chula Vista-Carlsbad, CA (Metropolitan Statistical Area)",113.854,114.632,113.182,114.112,112.827,111.655,110.871,112.284,113.586,112.202,112.478,113.490,115.137,115.017,114.582,111.491
41860,"San Francisco-Oakland-Berkeley, CA (Metropolitan Statistical Area)",118.978,115.085,113.833,112.354,112.515,112.931,114.029,115.701,116.227,121.465,122.240,119.711,119.576,120.007,118.047,118.225
41940,"San Jose-Sunnyvale-Santa Clara, CA (Metropolitan Statistical Area)",119.186,115.767,113.937,112.709,113.373,114.074,115.593,117.085,117.557,122.740,114.594,112.926,113.475,111.599,115.218,112.867
42020,"San Luis Obispo-Paso Robles, CA (Metropolitan Statistical Area)",105.056,109.229,106.429,109.695,107.234,106.607,106.044,105.281,104.932,108.173,111.447,110.181,111.356,108.599,112.597,110.819
42100,"Santa Cruz-Watsonville, CA (Metropolitan Statistical Area)",119.706,113.769,113.801,111.683,112.307,111.371,113.748,115.183,114.958,120.726,111.413,110.714,111.710,109.065,114.683,112.590
42140,"Santa Fe, NM (Metropolitan Statistical Area)",97.980,102.018,100.146,103.186,102.114,100.140,101.603,98.696,98.430,98.714,96.157,96.899,96.621,93.332,94.913,93.370
42200,"Santa Maria-Santa Barbara, CA (Metropolitan Statistical Area)",107.471,110.834,107.961,110.614,110.043,106.581,107.490,106.047,106.502,108.718,112.869,110.873,111.979,111.791,113.945,113.488
42220,"Santa Rosa-Petaluma, CA (Metropolitan Statistical Area)",117.991,113.343,113.567,110.394,112.294,111.524,113.207,114.541,114.898,120.166,113.228,111.486,111.393,109.846,112.470,110.084
42340,"Savannah, GA (Metropolitan Statistical Area)",95.741,94.901,96.215,97.821,97.879,96.295,96.504,96.091,97.070,96.308,95.162,94.130,92.371,95.439,96.125,95.569
42540,"Scranton--Wilkes-Barre, PA (Metropolitan Statistical Area)",95.176,96.090,94.237,94.754,94.034,94.687,91.582,95.528,94.891,95.221,92.864,92.848,93.054,93.055,91.846,92.968
42660,"Seattle-Tacoma-Bellevue, WA (Metropolitan Statistical Area)",109.107,108.454,106.280,106.046,105.269,105.155,107.420,107.861,110.173,112.727,110.346,112.460,113.038,114.396,114.048,112.991
42680,"Sebastian-Vero Beach, FL (Metropolitan Statistical Area)",93.401,90.355,94.908,91.962,92.860,94.919,93.025,91.817,94.197,92.106,94.068,94.271,95.232,98.120,95.311,96.919
42700,"Sebring-Avon Park, FL (Metropolitan Statistical Area)",88.260,88.566,89.951,89.400,89.060,90.590,88.917,89.256,89.249,88.324,90.200,89.989,88.200,89.876,89.850,91.278
43100,"Sheboygan, WI (Metropolitan Statistical Area)",95.793,95.187,94.771,95.918,93.072,94.463,93.280,93.291,93.419,93.039,92.013,92.577,93.250,93.250,89.620,90.765
43300,"Sherman-Denison, TX (Metropolitan Statistical Area)",91.358,91.776,94.760,93.214,94.192,93.322,94.297,93.299,95.380,95.266,92.613,92.375,92.386,92.855,92.432,91.804
43340,"Shreveport-Bossier City, LA (Metropolitan Statistical Area)",90.888,89.998,90.540,93.519,93.428,91.957,94.098,93.167,92.734,90.593,89.947,89.846,88.870,90.487,88.773,87.128
43420,"Sierra Vista-Douglas, AZ (Metropolitan Statistical Area)",93.845,93.149,91.839,92.155,93.547,92.509,92.389,94.156,92.977,93.896,89.582,91.036,88.478,87.781,88.012,86.678
43580,"Sioux City, IA-NE-SD (Metropolitan Statistical Area)",90.919,90.429,92.108,90.293,90.964,90.607,90.220,89.550,90.083,89.423,91.412,92.219,90.409,90.164,87.737,88.148
43620,"Sioux Falls, SD (Metropolitan Statistical Area)",95.074,93.268,96.045,93.860,94.386,94.271,94.806,93.504,93.843,91.632,95.183,95.445,94.023,93.159,90.207,90.281
43780,"South Bend-Mishawaka, IN-MI (Metropolitan Statistical Area)",92.471,93.335,92.931,92.314,90.480,92.349,92.014,90.584,91.447,88.577,91.799,92.058,91.525,91.675,92.300,91.415
43900,"Spartanburg, SC (Metropolitan Statistical Area)",92.417,91.688,91.004,93.005,92.817,91.597,93.181,92.662,94.063,93.112,90.143,89.936,89.103,92.595,91.324,90.648
44060,"Spokane-Spokane Valley, WA (Metropolitan Statistical Area)",95.185,98.091,96.684,97.018,97.895,97.463,96.625,96.128,96.030,97.014,100.342,99.367,98.581,98.669,102.526,101.031
44100,"Springfield, IL (Metropolitan Statistical Area)",95.137,93.727,93.570,91.995,93.342,93.394,92.909,92.239,92.412,90.671,93.014,91.768,90.887,91.597,89.720,90.549
44140,"Springfield, MA (Metropolitan Statistical Area)",99.780,102.724,98.425,98.522,98.433,100.853,98.937,100.974,99.666,100.123,98.558,97.784,100.100,97.935,99.057,98.422
44180,"Springfield, MO (Metropolitan Statistical Area)",91.797,92.232,92.092,90.487,90.800,91.451,89.916,90.352,89.633,88.324,89.844,90.163,88.464,89.089,86.710,89.272
44220,"Springfield, OH (Metropolitan Statistical Area)",92.136,93.222,92.065,92.022,91.858,90.917,92.053,90.503,90.590,88.929,90.461,91.561,89.300,86.819,88.728,88.667
44300,"State College, PA (Metropolitan Statistical Area)",99.272,99.039,99.381,98.346,96.796,99.049,97.178,99.529,101.460,102.093,97.964,96.892,97.999,95.494,96.403,93.224
44420,"Staunton, VA (Metropolitan Statistical Area)",89.415,85.672,88.164,87.758,90.124,90.649,91.130,91.382,83.908,89.136,92.445,89.483,87.572,92.782,91.394,92.595
44700,"Stockton, CA (Metropolitan Statistical Area)",100.178,104.463,101.504,103.661,103.843,102.156,102.332,100.174,99.842,101.579,106.109,105.751,105.276,104.584,108.482,107.420
44940,"Sumter, SC (Metropolitan Statistical Area)",88.367,86.073,89.133,90.979,88.582,89.514,88.365,88.542,86.170,89.085,87.612,85.812,81.377,86.407,88.022,86.250
45060,"Syracuse, NY (Metropolitan Statistical Area)",98.703,98.617,98.125,98.042,95.805,96.991,95.978,99.490,99.137,98.955,97.567,95.040,95.899,96.192,93.482,95.174
45220,"Tallahassee, FL (Metropolitan Statistical Area)",95.959,94.626,95.618,97.092,97.199,95.942,96.297,96.055,97.335,96.981,93.917,93.140,91.073,94.894,94.333,95.280
45300,"Tampa-St. Petersburg-Clearwater, FL (Metropolitan Statistical Area)",103.241,103.277,101.338,100.129,100.241,101.258,101.257,100.909,97.076,96.930,95.276,96.505,101.334,98.841,99.878,103.433
45460,"Terre Haute, IN (Metropolitan Statistical Area)",88.207,88.537,90.822,89.023,88.744,89.871,89.585,87.159,87.021,87.168,89.384,89.349,87.148,87.221,86.897,88.224
45500,"Texarkana, TX-AR (Metropolitan Statistical Area)",88.584,86.677,88.340,90.184,89.663,88.581,89.345,90.001,90.270,88.418,87.102,87.767,87.508,87.852,85.263,85.308
45540,"The Villages, FL (Metropolitan Statistical Area)",90.303,91.667,90.915,90.274,92.958,93.325,93.060,93.664,93.799,91.435,93.283,94.241,92.047,96.000,91.111,94.292
45780,"Toledo, OH (Metropolitan Statistical Area)",94.765,93.049,93.355,92.863,92.371,92.295,93.129,91.781,92.094,91.309,92.421,92.607,90.670,90.227,90.230,90.354
45820,"Topeka, KS (Metropolitan Statistical Area)",91.510,92.652,93.057,92.107,91.593,91.663,92.457,90.369,89.964,89.215,91.841,90.838,90.116,89.313,87.395,85.887
45940,"Trenton-Princeton, NJ (Metropolitan Statistical Area)",104.489,110.318,107.155,107.245,108.571,108.959,110.487,108.565,108.856,109.883,103.823,104.248,104.132,101.823,100.694,102.070
46060,"Tucson, AZ (Metropolitan Statistical Area)",97.080,100.382,98.871,100.062,100.582,98.914,98.466,97.368,96.552,97.589,94.779,95.330,94.032,92.847,93.756,94.346
46140,"Tulsa, OK (Metropolitan Statistical Area)",92.821,91.959,93.270,93.800,94.137,94.335,94.327,94.423,94.567,93.766,91.175,91.113,91.657,91.699,90.540,89.475
46220,"Tuscaloosa, AL (Metropolitan Statistical Area)",89.690,89.125,90.303,89.467,90.578,90.114,90.553,89.456,90.858,92.411,85.799,88.536,87.083,88.012,87.203,89.967
46300,"Twin Falls, ID (Metropolitan Statistical Area) *",(NA),(NA),(NA),(NA),(NA),(NA),(NA),93.912,94.117,94.761,89.329,90.296,87.988,89.804,90.848,88.584
46340,"Tyler, TX (Metropolitan Statistical Area)",95.882,95.305,97.297,96.717,95.837,97.561,95.438,96.657,96.939,95.186,93.450,94.487,95.402,94.522,92.019,92.386
46520,"Urban Honolulu, HI (Metropolitan Statistical Area)",111.789,117.408,112.182,112.950,112.333,115.686,114.615,113.975,113.335,113.507,112.727,113.191,115.633,114.014,113.035,110.246
46540,"Utica-Rome, NY (Metropolitan Statistical Area)",95.951,96.125,95.340,94.307,93.597,95.849,94.541,96.856,95.463,95.557,94.952,92.848,93.389,92.392,89.855,92.260
46660,"Valdosta, GA (Metropolitan Statistical Area)",88.759,85.767,88.312,85.569,88.637,87.356,88.088,86.398,87.223,85.972,86.952,87.306,84.930,88.230,89.607,86.712
46700,"Vallejo, CA (Metropolitan Statistical Area)",116.690,113.606,111.831,109.508,109.695,110.175,110.735,112.591,112.942,117.454,110.563,109.228,110.668,109.380,112.536,109.200
47020,"Victoria, TX (Metropolitan Statistical Area)",93.818,92.500,92.234,95.403,94.533,95.902,95.896,96.096,97.508,94.770,93.645,93.458,95.357,91.727,90.931,90.631
47220,"Vineland-Bridgeton, NJ (Metropolitan Statistical Area)",103.147,103.432,101.945,103.940,102.682,98.969,99.992,98.958,97.332,96.250,98.150,98.067,96.541,96.467,92.813,93.745
47260,"Virginia Beach-Norfolk-Newport News, VA-NC (Metropolitan Statistical Area)",99.870,98.971,100.687,101.172,100.023,99.612,99.958,100.097,100.870,98.968,97.850,95.507,95.530,97.885,97.872,97.360
47300,"Visalia, CA (Metropolitan Statistical Area)",94.831,98.120,96.358,98.417,98.658,96.963,97.138,95.465,94.548,96.443,100.502,99.586,98.786,98.905,102.331,101.318
47380,"Waco, TX (Metropolitan Statistical Area)",93.871,92.457,93.169,93.748,95.408,93.649,94.651,95.124,94.651,93.881,92.207,92.485,93.601,94.452,93.191,90.786
47460,"Walla Walla, WA (Metropolitan Statistical Area)",95.774,95.029,94.282,94.299,95.146,95.282,98.402,99.949,96.341,99.843,99.590,100.697,95.195,99.095,100.513,98.034
47580,"Warner Robins, GA (Metropolitan Statistical Area)",92.064,90.223,90.194,93.438,94.324,93.239,92.153,92.367,92.985,93.541,92.535,89.941,92.025,91.984,92.566,91.569
47900,"Washington-Arlington-Alexandria, DC-VA-MD-WV (Metropolitan Statistical Area)",114.610,114.828,114.333,113.353,111.623,113.866,113.636,113.683,112.079,109.670,111.244,109.626,111.339,111.416,111.193,108.641
47940,"Waterloo-Cedar Falls, IA (Metropolitan Statistical Area)",90.473,90.914,92.425,90.463,91.032,92.416,92.320,90.508,90.643,90.172,91.170,92.857,90.968,89.115,87.863,87.986
48060,"Watertown-Fort Drum, NY (Metropolitan Statistical Area)",93.726,97.190,97.124,99.174,98.827,97.356,97.306,97.404,98.554,98.525,96.725,94.995,90.716,93.634,93.837,90.518
48140,"Wausau-Weston, WI (Metropolitan Statistical Area)",92.751,93.259,93.606,92.481,93.122,92.080,88.783,91.366,90.111,89.852,91.156,91.816,89.374,89.919,90.559,90.133
48260,"Weirton-Steubenville, WV-OH (Metropolitan Statistical Area)",88.102,89.513,89.104,86.506,88.731,89.204,88.756,88.105,87.981,86.217,86.906,87.490,86.761,89.258,88.966,88.764
48300,"Wenatchee, WA (Metropolitan Statistical Area)",97.957,98.416,94.709,97.416,96.984,97.831,97.328,98.554,97.658,101.395,102.191,104.076,102.384,103.035,102.991,102.019
48540,"Wheeling, WV-OH (Metropolitan Statistical Area)",87.252,87.830,89.503,88.721,90.449,90.492,90.777,90.544,91.020,89.414,87.053,87.588,86.976,89.382,89.149,88.991
48620,"Wichita, KS (Metropolitan Statistical Area)",94.218,93.710,93.368,92.452,92.511,93.355,92.563,91.687,92.234,91.180,91.168,92.324,92.049,90.966,88.849,89.481
48660,"Wichita Falls, TX (Metropolitan Statistical Area)",93.479,90.763,91.817,94.087,93.923,93.160,94.413,93.586,92.928,91.841,88.568,89.694,92.549,90.731,88.406,88.914
48700,"Williamsport, PA (Metropolitan Statistical Area)",95.089,91.583,92.347,93.429,92.981,95.058,94.099,95.226,95.443,96.133,94.579,92.284,93.618,91.414,89.653,92.686
48900,"Wilmington, NC (Metropolitan Statistical Area)",93.477,92.491,94.843,94.985,97.609,96.121,97.705,95.232,96.529,95.646,95.983,95.146,94.255,97.631,96.926,97.147
49020,"Winchester, VA-WV (Metropolitan Statistical Area)",90.997,89.708,93.555,94.050,94.516,96.466,93.414,95.396,94.698,92.937,95.853,94.480,94.320,97.384,95.905,94.344
49180,"Winston-Salem, NC (Metropolitan Statistical Area)",91.843,90.635,91.899,93.196,92.599,92.543,93.056,92.945,93.041,91.621,90.761,89.326,89.471,91.621,92.116,91.406
49340,"Worcester, MA-CT (Metropolitan Statistical Area)",104.054,103.173,102.504,103.264,102.355,101.515,102.232,101.452,105.483,104.039,100.988,100.878,101.306,100.164,104.728,102.015
49420,"Yakima, WA (Metropolitan Statistical Area)",92.931,96.311,95.522,98.048,97.130,96.888,96.675,94.410,94.254,94.688,97.388,96.809,96.218,97.680,100.778,98.008
49620,"York-Hanover, PA (Metropolitan Statistical Area)",99.248,100.119,98.437,95.910,96.580,99.034,97.680,98.537,98.069,100.255,97.671,96.541,97.663,96.570,95.526,96.642
49660,"Youngstown-Warren-Boardman, OH-PA (Metropolitan Statistical Area)",91.622,91.542,90.826,88.755,90.795,90.276,90.234,89.800,89.032,88.092,88.516,89.286,86.011,87.043,86.711,86.008
49700,"Yuba City, CA (Metropolitan Statistical Area)",97.791,100.835,98.113,102.155,102.234,100.436,98.624,97.755,97.573,97.983,103.612,102.689,102.004,101.488,102.625,103.638
49740,"Yuma, AZ (Metropolitan Statistical Area)",92.401,98.061,96.293,95.844,93.830,94.273,93.113,94.973,92.659,93.215,90.271,90.434,88.670,89.293,85.849,87.477

Legend/Footnotes
1. Real personal income for metropolitan areas is personal income divided by the RPPs and the national PCE price index. The result is a constant dollar (using 2017 as the base year) estimate of real personal income. Calculations are performed on unrounded data.
"* Estimates are not available for Enid, OK prior to 2013, Twin Falls, ID prior to 2015, and Poughkeepsie-Newburgh-Middletown, NY prior to 2016."
"  Metropolitan Areas are defined (geographically delineated) by the Office of Management and Budget (OMB) bulletin no. 20-01 issued March 6, 2020."
(NA) Not available.
"  Last updated: February 20, 2025-- revised statistics for 2010-2019."
